<gradleEnterprise
xmlns="https://www.gradle.com/gradle-enterprise-maven" xmlns:xsi="http://www.w3.org/2001/XMLSchema-instance"
xsi:schemaLocation="https://www.gradle.com/gradle-enterprise-maven/ https://www.gradle.com/schema/gradle-enterprise-maven.xsd">
<server>
  <url>https://enterprise-training.gradle.com</url>
</server>
<buildScan>
  <publish>ALWAYS</publish>
  <captureGoalInputFiles>true</captureGoalInputFiles>
  <tags>
    <tag>lab03</tag>
  </tags>
</buildScan>
<buildCache>
  <remote>
    <enabled>false</enabled>
  </remote>
</buildCache>
</gradleEnterprise>
